{
	"class_name" : "PinholeCameraParameters",
	"extrinsic" : 
	[
		0.65297031414938844,
		-0.4937286897535611,
		0.57433592065435091,
		0.0,
		0.6636850982021576,
		0.7383518752744308,
		-0.119827370425642,
		0.0,
		-0.36489979345573986,
		0.45942190761103596,
		0.80980222989504991,
		0.0,
		3.4270695330944076,
		-5.0334073644941997,
		0.73055255448094547,
		1.0
	],
	"intrinsic" : 
	{
		"height" : 720,
		"intrinsic_matrix" : 
		[
			623.53829072479584,
			0.0,
			0.0,
			0.0,
			623.53829072479584,
			0.0,
			639.5,
			359.5,
			1.0
		],
		"width" : 1280
	},
	"version_major" : 1,
	"version_minor" : 0
}